{"font":"Arial","size":"100","kern":{"11":103.7969,"!_":84.78125,"!j":50,"!¯":84.78125,"!Î":57.78125,"!î":58.78125,"\"_":92.48438,"\"j":57.70313,"\"¯":92.48438,"\"Î":65.48438,"\"î":66.48438,"#j":77.82813,"$j":77.82813,"%j":111.125,"&j":88.90625,"'/":48.07813,"'A":87.07813,"'\\":48.07813,"'_":76.07813,"'j":41.29688,"'¥":75.07813,"'©":94.07813,"'®":94.07813,"'¯":76.07813,"'¶":74.07813,"'À":87.07813,"'Á":87.07813,"'Â":87.07813,"'Ã":87.07813,"'Ä":87.07813,"'Å":87.07813,"'Æ":119.0781,"'Î":49.07813,"'Ï":47.07813,"'Ð":91.29688,"'î":50.07813,"(_":90.29688,"(j":55.51563,"(¯":90.29688,"(Î":63.29688,"(î":64.29688,")_":90.29688,")j":55.51563,")¯":90.29688,")Î":63.29688,")î":64.29688,"*_":95.90625,"*j":61.125,"*¯":95.90625,"*Î":68.90625,"*î":69.90625,"+j":80.60938,",_":84.78125,",j":50,",¯":84.78125,",Î":57.78125,",î":58.78125,"-_":90.29688,"-j":55.51563,"-¯":90.29688,"-Î":63.29688,"-î":64.29688,"._":84.78125,".j":50,".¯":84.78125,".Î":57.78125,".î":58.78125,"//":57.78125,"/A":96.78125,"/\\":57.78125,"/_":85.78125,"/j":51,"/¥":84.78125,"/©":103.7813,"/®":103.7813,"/¯":85.78125,"/¶":83.78125,"/À":96.78125,"/Á":96.78125,"/Â":96.78125,"/Ã":96.78125,"/Ä":96.78125,"/Å":96.78125,"/Æ":128.7813,"/Î":58.78125,"/Ï":56.78125,"/Ð":101,"/î":59.78125,"0j":77.82813,"1j":77.82813,"2j":77.82813,"3j":77.82813,"4j":77.82813,"5j":77.82813,"6j":77.82813,"7j":77.82813,"8j":77.82813,"9j":77.82813,":_":84.78125,":j":50,":¯":84.78125,":Î":57.78125,":î":58.78125,";_":84.78125,";j":50,";¯":84.78125,";Î":57.78125,";î":58.78125,"<j":80.60938,"=j":80.60938,">j":80.60938,"?j":77.82813,"AT":121.3594,"AV":127.2656,"AW":158.3594,"AY":127.2656,"Aj":89.90625,"A ":89.95313,"Bj":88.90625,"Cj":94.42188,"Dj":94.42188,"Ej":88.90625,"F,":77.78125,"F.":77.78125,"FA":123.5625,"Fj":83.29688,"Gj":100,"Hj":94.42188,"I_":84.78125,"Ij":50,"I¯":84.78125,"IÎ":57.78125,"Iî":58.78125,"Jj":72.20313,"Kj":88.90625,"LT":109.2656,"LV":115.1875,"LW":142.5781,"LY":115.1875,"Lj":77.82813,"Ly":101.8906,"L ":79.6875,"Mj":105.5156,"Nj":94.42188,"Oj":100,"P,":81.57813,"P.":81.57813,"PA":127.2656,"Pj":88.90625,"Qj":100,"Rj":94.42188,"Sj":88.90625,"T,":77.78125,"T-":88.85938,"T.":77.78125,"T:":77.78125,"T;":77.78125,"TA":121.6563,"Ta":105.6094,"Tc":100,"Te":105.6094,"Ti":79.57813,"Tj":83.29688,"To":105.6094,"Tr":92.35938,"Ts":100,"Tu":112.9844,"Tw":127.7813,"Ty":105.5625,"Uj":94.42188,"V,":85.29688,"V-":94.46875,"V.":85.29688,"V:":90.76563,"V;":90.76563,"VA":127.2656,"Va":114.8906,"Ve":116.7969,"Vj":88.90625,"Vo":116.7969,"Vr":97.98438,"Vu":118.5938,"Vy":112.9844,"W,":116.6406,"W.":116.6406,"Wj":116.5938,"Xj":88.90625,"Y,":81.57813,"Y-":90.8125,"Y.":81.57813,"Y:":88.95313,"Y;":87.98438,"YA":127.2656,"Ya":114.8906,"Ye":113.125,"Yi":85.20313,"Yj":88.90625,"Yo":113.125,"Yp":114.8906,"Yq":113.125,"Yu":116.7969,"Yv":111.1719,"Zj":83.29688,"[_":84.78125,"[j":50,"[¯":84.78125,"[Î":57.78125,"[î":58.78125,"\\/":57.78125,"\\A":96.78125,"\\\\":57.78125,"\\_":85.78125,"\\j":51,"\\¥":84.78125,"\\©":103.7813,"\\®":103.7813,"\\¯":85.78125,"\\¶":83.78125,"\\À":96.78125,"\\Á":96.78125,"\\Â":96.78125,"\\Ã":96.78125,"\\Ä":96.78125,"\\Å":96.78125,"\\Æ":128.7813,"\\Î":58.78125,"\\Ï":56.78125,"\\Ð":101,"\\î":59.78125,"]_":84.78125,"]j":50,"]¯":84.78125,"]Î":57.78125,"]î":58.78125,"^j":69.14063,"__":114.6094,"_j":79.82813,"_¯":114.6094,"_Î":87.60938,"_î":88.60938,"`_":90.29688,"`j":55.51563,"`¯":90.29688,"`Î":63.29688,"`î":64.29688,"aj":77.82813,"bj":77.82813,"cj":72.20313,"dj":77.82813,"ej":77.82813,"f!":55.5625,"f\"":63.28125,"f#":83.39063,"f$":83.39063,"f%":116.6875,"f&":94.46875,"f'":46.875,"f(":61.07813,"f)":61.07813,"f*":66.6875,"f+":86.17188,"f,":55.5625,"f-":61.07813,"f.":55.5625,"f/":56.78125,"f0":83.39063,"f1":83.39063,"f2":83.39063,"f3":83.39063,"f4":83.39063,"f5":83.39063,"f6":83.39063,"f7":83.39063,"f8":83.39063,"f9":83.39063,"f:":55.5625,"f;":55.5625,"f<":86.17188,"f=":86.17188,"f>":86.17188,"f?":83.39063,"f@":129.2969,"fA":95.78125,"fB":94.46875,"fC":100,"fD":100,"fE":94.46875,"fF":88.85938,"fG":105.5625,"fH":100,"fI":55.5625,"fJ":77.78125,"fK":94.78125,"fL":83.39063,"fM":111.0781,"fN":100,"fO":105.5625,"fP":94.46875,"fQ":105.5625,"fR":100,"fS":94.46875,"fT":88.85938,"fU":100,"fV":94.78125,"fW":122.1563,"fX":94.78125,"fY":94.78125,"fZ":88.85938,"f[":55.5625,"f\\":56.78125,"f]":55.5625,"f^":74.70313,"f_":84.78125,"f`":61.07813,"fa":83.39063,"fb":83.39063,"fc":77.78125,"fd":83.39063,"fe":83.39063,"ff":57.96875,"fg":83.39063,"fh":83.39063,"fi":50,"fj":50,"fk":77.78125,"fl":50,"fm":111.0781,"fn":83.39063,"fo":83.39063,"fp":83.39063,"fq":83.39063,"fr":62.78125,"fs":77.78125,"ft":55.78125,"fu":83.39063,"fv":77.78125,"fw":100,"fx":77.78125,"fy":77.78125,"fz":77.78125,"f{":61.17188,"f|":53.75,"f}":61.17188,"f~":86.17188,"f":77.78125,"f ":55.5625,"f¡":61.07813,"f¢":83.39063,"f£":83.39063,"f¤":83.39063,"f¥":83.78125,"f¦":53.75,"f§":83.39063,"f¨":61.07813,"f©":102.7813,"fª":64.78125,"f«":83.39063,"f¬":86.17188,"f®":102.7813,"f¯":84.78125,"f°":67.76563,"f±":82.65625,"f²":61.07813,"f³":61.07813,"f´":61.07813,"fµ":85.39063,"f¶":82.78125,"f·":61.07813,"f¸":61.07813,"f¹":61.07813,"fº":64.29688,"f»":83.39063,"f¼":111.1719,"f½":111.1719,"f¾":111.1719,"f¿":88.85938,"fÀ":95.78125,"fÁ":95.78125,"fÂ":95.78125,"fÃ":95.78125,"fÄ":95.78125,"fÅ":95.78125,"fÆ":127.7813,"fÇ":100,"fÈ":94.46875,"fÉ":94.46875,"fÊ":94.46875,"fË":94.46875,"fÌ":55.5625,"fÍ":55.5625,"fÎ":57.78125,"fÏ":55.78125,"fÐ":100,"fÑ":100,"fÒ":105.5625,"fÓ":105.5625,"fÔ":105.5625,"fÕ":105.5625,"fÖ":105.5625,"f×":86.17188,"fØ":105.5625,"fÙ":100,"fÚ":100,"fÛ":100,"fÜ":100,"fÝ":94.78125,"fÞ":94.46875,"fß":88.85938,"fà":83.39063,"fá":83.39063,"fâ":83.39063,"fã":83.39063,"fä":83.39063,"få":83.39063,"fæ":116.6875,"fç":77.78125,"fè":83.39063,"fé":83.39063,"fê":83.39063,"fë":83.39063,"fì":55.5625,"fí":55.78125,"fî":58.78125,"fï":56.78125,"fð":83.39063,"fñ":83.39063,"fò":83.39063,"fó":83.39063,"fô":83.39063,"fõ":83.39063,"fö":83.39063,"f÷":82.65625,"fø":88.85938,"fù":83.39063,"fú":83.39063,"fû":83.39063,"fü":83.39063,"fý":77.78125,"fþ":83.39063,"fÿ":77.78125,"gj":77.82813,"hj":77.82813,"i_":79.20313,"ij":44.42188,"i¯":79.20313,"iÎ":52.20313,"iî":53.20313,"j_":84.20313,"jj":49.42188,"j¯":84.20313,"jÎ":57.20313,"jî":58.20313,"kj":72.20313,"l_":79.20313,"lj":44.42188,"l¯":79.20313,"lÎ":52.20313,"lî":53.20313,"mj":105.5156,"nj":77.82813,"oj":77.82813,"pj":77.82813,"qj":77.82813,"r,":55.5625,"r.":55.5625,"r/":62.29688,"rA":101.2969,"r\\":62.29688,"r_":90.29688,"rj":55.51563,"r¥":89.29688,"r©":108.2969,"r®":108.2969,"r¯":90.29688,"r¶":88.29688,"rÀ":101.2969,"rÁ":101.2969,"rÂ":101.2969,"rÃ":101.2969,"rÄ":101.2969,"rÅ":101.2969,"rÆ":133.2969,"rÎ":63.29688,"rÏ":61.29688,"rÐ":105.5156,"rî":64.29688,"sj":72.20313,"t_":84.78125,"tj":50,"t¯":84.78125,"tÎ":57.78125,"tî":58.78125,"uj":77.82813,"v,":70.35938,"v.":70.35938,"vj":72.20313,"w,":94.46875,"w.":94.46875,"wj":94.42188,"xj":72.20313,"y,":70.35938,"y.":70.35938,"yj":72.20313,"zj":72.20313,"{_":90.39063,"{j":55.60938,"{¯":90.39063,"{Î":63.39063,"{î":64.39063,"|_":82.96875,"|j":48.1875,"|¯":82.96875,"|Î":55.96875,"|î":56.96875,"}_":90.39063,"}j":55.60938,"}¯":90.39063,"}Î":63.39063,"}î":64.39063,"~j":80.60938,"f":77.78125,"î":79.78125," A":90.26563," T":87.04688," Y":92.96875," _":84.78125," j":50," ¯":84.78125," Î":57.78125," î":58.78125,"¡_":90.29688,"¡j":55.51563,"¡¯":90.29688,"¡Î":63.29688,"¡î":64.29688,"¢j":77.82813,"£j":77.82813,"¤j":77.82813,"¥j":78.82813,"¦_":82.96875,"¦j":48.1875,"¦¯":82.96875,"¦Î":55.96875,"¦î":56.96875,"§j":77.82813,"¨_":90.29688,"¨j":55.51563,"¨¯":90.29688,"¨Î":63.29688,"¨î":64.29688,"©j":96.89063,"ª_":94,"ªj":59.21875,"ª¯":94,"ªÎ":67,"ªî":68,"«j":77.82813,"¬j":80.60938,"®j":96.89063,"¯_":114.2188,"¯j":79.4375,"¯¯":114.2188,"¯Î":87.21875,"¯î":88.21875,"°_":96.98438,"°j":62.20313,"°¯":96.98438,"°Î":69.98438,"°î":70.98438,"±j":77.09375,"²_":90.29688,"²j":55.51563,"²¯":90.29688,"²Î":63.29688,"²î":64.29688,"³_":90.29688,"³j":55.51563,"³¯":90.29688,"³Î":63.29688,"³î":64.29688,"´_":90.29688,"´j":55.51563,"´¯":90.29688,"´Î":63.29688,