{"font":"Arial Black","size":"100","kern":{"!j":66.59375,"!Æ":133.2969,"!î":69.29688,"\"j":83.29688,"\"Æ":150,"#j":99.3125,"#Æ":166.0156,"$j":100,"$Æ":166.6875,"%j":133.2969,"&j":122.2031,"'j":61.07813,"'Æ":127.7813,"'î":63.78125,"(j":72.20313,"(Æ":138.9063,"(î":74.90625,")j":72.20313,")Æ":138.9063,")î":74.90625,"*j":88.90625,"*Æ":155.6094,"+j":99.3125,"+Æ":166.0156,",j":66.59375,",Æ":133.2969,",î":69.29688,"-j":66.59375,"-Æ":133.2969,"-î":69.29688,".j":66.59375,".Æ":133.2969,".î":69.29688,"//":57.78125,"/@":103.7813,"/A":107.7813,"/W":129.7813,"/X":107.7813,"/Y":107.7813,"/\\":57.78125,"/_":79.78125,"/`":62.07813,"/j":62.07813,"/v":90.78125,"/w":123.7813,"/¥":96.78125,"/¨":62.78125,"/¯":79.78125,"/À":107.7813,"/Á":107.7813,"/Â":107.7813,"/Ã":107.7813,"/Ä":107.7813,"/Å":107.7813,"/Æ":128.7813,"/Ð":106.5625,"/Ý":107.7813,"/î":64.78125,"/ï":62.78125,"0j":100,"0Æ":166.6875,"1j":100,"1Æ":166.6875,"2j":100,"2Æ":166.6875,"3j":100,"3Æ":166.6875,"4j":100,"4Æ":166.6875,"5j":100,"5Æ":166.6875,"6j":100,"6Æ":166.6875,"7j":100,"7Æ":166.6875,"8j":100,"8Æ":166.6875,"9j":100,"9Æ":166.6875,":j":66.59375,":Æ":133.2969,":î":69.29688,";j":66.59375,";Æ":133.2969,";î":69.29688,"<j":99.3125,"<Æ":166.0156,"=j":99.3125,"=Æ":166.0156,">j":99.3125,">Æ":166.0156,"?j":94.375,"?Æ":161.0781,"@j":108.3125,"@Æ":175.0156,"AT":144.1094,"AU":158.6563,"AV":152.2656,"AY":149.2813,"Aj":112.0781,"AÆ":178.7813,"Bj":111.0781,"BÆ":177.7813,"Cj":111.0781,"CÆ":177.7813,"DA":152.4844,"DY":153.3594,"Dj":111.0781,"DÄ":152.4844,"DÅ":152.4844,"DÆ":177.7813,"Ej":105.5156,"EÆ":172.2031,"F,":85.39063,"F.":84.70313,"FA":136.2656,"Fe":129.9688,"Fj":100,"Fo":129.9688,"Fr":111.2813,"FÄ":136.2656,"FÅ":136.2656,"FÆ":166.6875,"Fö":129.9688,"Gj":116.5938,"Hj":116.5938,"Ij":72.20313,"IÆ":138.9063,"Iî":74.90625,"JA":143.1094,"Jj":100,"JÄ":143.1094,"JÅ":143.1094,"JÆ":166.6875,"Kj":116.5938,"KÆ":183.2969,"LT":133.8281,"LV":140.6094,"LY":137.9844,"Lj":100,"LÆ":166.6875,"Mj":127.6719,"Nj":116.5938,"OA":158.875,"OV":158,"OX":157.125,"OY":155.5,"Oj":116.5938,"OÄ":158.875,"OÅ":158.875,"P,":87.5,"P.":86.71875,"PA":142.7188,"Pj":105.5156,"PÄ":142.7188,"PÅ":142.7188,"PÆ":172.2031,"QV":158,"QY":157.2188,"Qj":116.5938,"RY":152.4844,"Rj":111.0781,"RÆ":177.7813,"Sj":105.5156,"SÆ":172.2031,"T,":90.90625,"T-":98.71875,"T.":90.23438,"TA":144.4219,"Ta":133.8281,"Tc":132.9063,"Te":132.9063,"Tj":105.5156,"Tm":167.9063,"To":132.125,"Tr":115.9063,"Ts":126.5,"Tu":134.6094,"TÄ":144.4219,"TÅ":144.4219,"TÆ":172.2031,"Tå":133.8281,"UA":158.875,"Uj":116.5938,"UÄ":158.875,"UÅ":158.875,"V,":99.0625,"V-":106.7813,"V.":98.28125,"VA":151.0625,"VC":152.1406,"VG":157.6563,"VO":157.6563,"VQ":157.6563,"Va":140.1719,"Ve":139.3906,"Vj":111.0781,"Vo":139.3906,"Vr":122.3594,"Vu":141.0625,"VÄ":151.0625,"VÅ":151.0625,"VÆ":177.7813,"VÖ":157.6563,"Vå":140.1719,"W,":130,"W.":129.125,"Wj":134.2969,"XC":153.1406,"XG":158.6563,"XO":158.6563,"Xj":112.0781,"XÆ":178.7813,"XÖ":158.6563,"Y,":95.85938,"Y-":103.4844,"Y.":95.07813,"Y:":106.0781,"Y;":106.0781,"YA":148.3594,"YC":150.5469,"YG":156.0781,"YO":156.0781,"YS":146.7031,"Ya":136.875,"Yd":136.0469,"Ye":136.0469,"Yj":112.0781,"Yo":136.9844,"Yp":140.3906,"Yq":136.9844,"Yu":139.4688,"Yv":138.1875,"YÄ":148.3594,"YÅ":148.3594,"YÆ":178.7813,"YÖ":156.0781,"Yå":136.875,"Zj":105.5156,"ZÆ":172.2031,"[j":72.20313,"[Æ":138.9063,"[î":74.90625,"\\/":57.78125,"\\@":103.7813,"\\A":107.7813,"\\W":129.7813,"\\X":107.7813,"\\Y":107.7813,"\\\\":57.78125,"\\_":79.78125,"\\`":62.07813,"\\j":62.07813,"\\v":90.78125,"\\w":123.7813,"\\¥":96.78125,"\\¨":62.78125,"\\¯":79.78125,"\\À":107.7813,"\\Á":107.7813,"\\Â":107.7813,"\\Ã":107.7813,"\\Ä":107.7813,"\\Å":107.7813,"\\Æ":128.7813,"\\Ð":106.5625,"\\Ý":107.7813,"\\î":64.78125,"\\ï":62.78125,"]j":72.20313,"]Æ":138.9063,"]î":74.90625,"^j":99.3125,"^Æ":166.0156,"_j":84.29688,"_Æ":151,"_î":87,"`j":67.59375,"`Æ":134.2969,"`î":70.29688,"aj":100,"aÆ":166.6875,"bj":100,"bv":126.1094,"bÆ":166.6875,"cj":100,"cÆ":166.6875,"dj":100,"dÆ":166.6875,"ej":100,"ev":126.1094,"eÆ":166.6875,"f\"":88.90625,"f#":104.9219,"f$":105.6094,"f%":138.9063,"f&":127.8281,"f'":66.6875,"f(":77.82813,"f)":77.82813,"f*":94.53125,"f+":104.9219,"f,":67.03125,"f-":72.20313,"f.":66.20313,"f/":67.90625,"f0":105.6094,"f1":105.6094,"f2":105.6094,"f3":105.6094,"f4":105.6094,"f5":105.6094,"f6":105.6094,"f7":105.6094,"f8":105.6094,"f9":105.6094,"f:":72.20313,"f;":72.20313,"f<":104.9219,"f=":104.9219,"f>":104.9219,"f@":113.9063,"fA":117.9063,"fB":116.6875,"fC":116.6875,"fD":116.6875,"fE":111.125,"fF":105.6094,"fG":122.2031,"fH":122.2031,"fI":77.82813,"fJ":105.6094,"fK":122.9063,"fL":105.6094,"fM":133.2969,"fN":122.2031,"fO":122.2031,"fP":111.125,"fQ":122.2031,"fR":117.9063,"fS":111.125,"fT":111.125,"fU":122.2031,"fV":117.9063,"fW":139.9063,"fX":117.9063,"fY":117.9063,"fZ":111.125,"f[":77.82813,"f\\":67.90625,"f]":77.82813,"f^":104.9219,"f_":89.90625,"f`":72.20313,"fa":104.625,"fb":105.6094,"fc":105.6094,"fd":105.6094,"fe":103.9063,"fg":105.6094,"fh":105.6094,"fi":72.20313,"fj":72.20313,"fk":106.8906,"fl":72.20313,"fm":138.9063,"fn":105.6094,"fo":103.9063,"fp":105.6094,"fq":105.6094,"fr":86.90625,"fs":100,"ft":83.29688,"fu":105.6094,"fv":100.9063,"fw":133.9063,"fx":105.9063,"fy":100.9063,"fz":94.53125,"f{":77.90625,"f|":66.6875,"f}":77.82813,"f~":104.9219,"f":88.90625,"f ":72.26563,"f¡":72.20313,"f¢":105.6094,"f£":105.9063,"f¤":104.9219,"f¥":106.9063,"f¦":66.6875,"f§":105.6094,"f¨":72.90625,"f©":118.8906,"fª":78.90625,"f«":105.6094,"f¬":104.9219,"f®":118.8906,"f¯":89.90625,"f°":78.90625,"f±":104.9219,"f²":78.90625,"f³":78.90625,"f´":72.90625,"fµ":105.6094,"f¶":123.9219,"f·":72.26563,"f¸":72.20313,"f¹":78.90625,"fº":78.90625,"f»":105.6094,"f¼":138.9063,"f½":138.9063,"f¾":138.9063,"f¿":100,"fÀ":117.9063,"fÁ":117.9063,"fÂ":117.9063,"fÃ":117.9063,"fÄ":117.9063,"fÅ":117.9063,"fÆ":138.9063,"fÇ":116.6875,"fÈ":111.125,"fÉ":111.125,"fÊ":111.125,"fË":111.125,"fÌ":77.82813,"fÍ":77.82813,"fÎ":77.82813,"fÏ":77.82813,"fÐ":116.6875,"fÑ":122.2031,"fÒ":122.2031,"fÓ":122.2031,"fÔ":122.2031,"fÕ":122.2031,"fÖ":122.2031,"f×":104.9219,"fØ":122.2031,"fÙ":122.2031,"fÚ":122.2031,"fÛ":122.2031,"fÜ":122.2031,"fÝ":117.9063,"fÞ":111.125,"fß":105.6094,"fà":105.6094,"fá":105.6094,"fâ":105.6094,"fã":105.6094,"fä":105.6094,"få":105.6094,"fæ":138.9063,"fç":105.6094,"fè":105.6094,"fé":105.6094,"fê":105.6094,"fë":105.6094,"fì":72.20313,"fí":72.20313,"fî":74.90625,"fï":72.90625,"fð":105.6094,"fñ":105.6094,"fò":105.6094,"fó":105.6094,"fô":105.6094,"fõ":105.6094,"fö":105.6094,"f÷":104.9219,"fø":105.6094,"fù":105.6094,"fú":105.6094,"fû":105.6094,"fü":105.6094,"fý":100.9063,"fþ":105.6094,"fÿ":100.9063,"gj":100,"gÆ":166.6875,"hj":100,"hÆ":166.6875,"ij":66.59375,"iÆ":133.2969,"iî":69.29688,"jj":72.59375,"jÆ":139.2969,"jî":75.29688,"ke":129.9688,"kj":100,"ko":129.9688,"kÆ":166.6875,"kö":129.9688,"lj":66.59375,"lÆ":133.2969,"lî":69.29688,"mj":133.2969,"nj":100,"nv":126,"nÆ":166.6875,"oj":100,"ov":125.2813,"ox":130.1719,"oÆ":166.6875,"pj":100,"pw":159.1094,"pÆ":166.6875,"qj":100,"qÆ":166.6875,"r!":77.67188,"r\"":94.375,"r#":110.3906,"r$":111.0781,"r%":144.375,"r&":133.2969,"r'":72.15625,"r(":83.29688,"r)":83.29688,"r*":100,"r+":110.3906,"r,":70.89063,"r-":77.67188,"r.":69.96875,"r/":73.375,"r0":111.0781,"r1":111.0781,"r2":111.0781,"r3":111.0781,"r4":111.0781,"r5":111.0781,"r6":111.0781,"r7":111.0781,"r8":111.0781,"r9":111.0781,"r<":110.3906,"r=":110.3906,"r>":110.3906,"r?":105.4688,"r@":119.375,"rA":123.375,"rB":122.1563,"rC":122.1563,"rD":122.1563,"rE":116.5938,"rF":111.0781,"rG":127.6719,"rH":127.6719,"rI":83.29688,"rJ":111.0781,"rK":128.375,"rL":111.0781,"rM":138.7656,"rN":127.6719,"rO":127.6719,"rP":116.5938,"rQ":127.6719,"rR":123.375,"rS":116.5938,"rT":116.5938,"rU":127.6719,"rV":123.375,"rW":145.375,"rX":123.375,"rY":123.375,"rZ":116.5938,"r[":83.29688,"r\\":73.375,"r]":83.29688,"r^":110.3906,"r_":95.375,"r`":77.67188,"rb":111.0781,"rf":87.375,"rh":111.0781,"ri":77.67188,"rj":81.875,"rw":139.375,"rx":111.375,"rz":100,"r{":83.375,"r|":72.15625,"r}":83.29688,"r~":110.3906,