{"font":"Cambria","size":"100","kern":{"\"A":87.9375,"\"À":87.9375,"\"Á":87.9375,"\"Â":87.9375,"\"Ã":87.9375,"\"Ä":87.9375,"\"Å":87.9375,"'A":72.3125,"'À":72.3125,"'Á":72.3125,"'Â":72.3125,"'Ã":72.3125,"'Ä":72.3125,"'Å":72.3125,",\"":52.96875,",'":37.34375,",î":49.375,"-A":93.64063,"-S":79.875,"-T":82.21875,"-V":89.79688,"-W":123.6563,"-X":84.8125,"-Y":81.92188,"-Z":84.51563,"-x":78.60938,"-À":93.64063,"-Á":93.64063,"-Â":93.64063,"-Ã":93.64063,"-Ä":93.64063,"-Å":93.64063,"-Æ":116.4063,"-Ý":81.92188,".\"":52.96875,".'":37.34375,".î":49.375,":\"":63.71875,":'":48.09375,";\"":63.71875,";'":48.09375,"A\"":92.32813,"A'":76.70313,"A*":97.20313,"AT":115.7188,"AV":117.3906,"AW":151,"AY":113.0781,"Av":109.25,"Aw":137.0313,"Ay":109.25,"Aª":100.0938,"Aº":101.1719,"AÝ":113.0781,"Aý":109.25,"Aÿ":109.25,"BÆ":144.3281,"DÆ":148.4375,"EÆ":142.1875,"F,":63.90625,"F-":83.92188,"F.":63.90625,"F:":77.09375,"F;":77.09375,"FA":109.125,"Fa":99.0625,"Fc":93.84375,"Fd":105.2188,"Fe":98.53125,"Fg":99.65625,"Fo":102.8281,"Fq":104.4375,"Fs":93.6875,"F«":98.53125,"F»":99.01563,"FÀ":109.125,"FÁ":109.125,"FÂ":109.125,"FÃ":109.125,"FÄ":109.125,"FÅ":109.125,"FÆ":128.75,"Fà":99.0625,"Fá":99.0625,"Fâ":99.0625,"Fã":99.0625,"Fä":99.0625,"Få":99.0625,"Fæ":125.4844,"Fç":93.84375,"Fè":98.53125,"Fé":98.53125,"Fê":98.53125,"Fë":98.53125,"Fî":80.57813,"Fð":103.75,"Fò":102.8281,"Fó":102.8281,"Fô":102.8281,"Fõ":102.8281,"Fö":102.8281,"Fø":102.8281,"JA":90.85938,"JÀ":90.85938,"JÁ":90.85938,"JÂ":90.85938,"JÃ":90.85938,"JÄ":90.85938,"JÅ":90.85938,"JÆ":114.2969,"K-":92.71875,"KC":114.7813,"KG":119.625,"KO":123.875,"KQ":124.5313,"Kc":104.8281,"Kd":116.2031,"Ke":109.5156,"Ko":113.8125,"Kq":115.4219,"Kt":95.73438,"Ku":115.2344,"Kv":107.3438,"Kw":135.5625,"Ky":107.3438,"KÇ":114.7813,"KÒ":123.875,"KÓ":123.875,"KÔ":123.875,"KÕ":123.875,"KÖ":123.875,"KØ":123.875,"Kç":104.8281,"Kè":109.5156,"Ké":109.5156,"Kê":109.5156,"Kë":109.5156,"Kò":113.8125,"Kó":113.8125,"Kô":113.8125,"Kõ":113.8125,"Kö":113.8125,"Kø":113.8125,"Kù":115.2344,"Kú":115.2344,"Kû":115.2344,"Kü":115.2344,"Ký":107.3438,"Kÿ":107.3438,"L\"":83.6875,"L'":68.0625,"L*":90.51563,"LT":102.6719,"LV":106.3594,"LW":140.7969,"LY":101.4063,"Lv":100.75,"Ly":100.75,"LÝ":101.4063,"Lý":100.75,"Lÿ":100.75,"NÆ":150.1875,"OÆ":147.5938,"P,":64.59375,"P-":86.07813,"P.":64.59375,"PA":112.1094,"P«":102.1406,"PÀ":112.1094,"PÁ":112.1094,"PÂ":112.1094,"PÃ":112.1094,"PÄ":112.1094,"PÅ":112.1094,"PÆ":132.5625,"QA":124.7031,"QÀ":124.7031,"QÁ":124.7031,"QÂ":124.7031,"QÃ":124.7031,"QÄ":124.7031,"QÅ":124.7031,"QÆ":147.5938,"R\"":97.84375,"R'":82.21875,"R-":92.85938,"RT":118.25,"RV":119.0469,"RW":152.125,"RY":115.4219,"Rv":110.6563,"Ry":110.6563,"Rª":101.3594,"Rº":102.4375,"RÝ":115.4219,"Rý":110.6563,"Rÿ":110.6563,"SÆ":134.3125,"T,":68.54688,"T-":82.21875,"T.":68.54688,"TA":113.6719,"Ta":100.2813,"Tc":95.25,"Td":106.6406,"Te":99.9375,"Tg":101.8438,"Tm":139.0625,"Tn":111.6563,"To":104.2344,"Tp":111.7188,"Tq":105.8594,"Tr":97.20313,"Ts":95.89063,"Tx":104.1875,"Tz":99.84375,"T«":99.26563,"TÀ":113.6719,"TÁ":113.6719,"TÂ":113.6719,"TÃ":113.6719,"TÄ":113.6719,"TÅ":113.6719,"TÆ":134.1719,"Tà":100.2813,"Tá":100.2813,"Tâ":100.2813,"Tã":100.2813,"Tä":100.2813,"Tå":100.2813,"Tæ":126.7031,"Tç":95.25,"Tè":99.9375,"Té":99.9375,"Tê":99.9375,"Të":99.9375,"Tì":83.64063,"Tí":83.64063,"Tî":84.73438,"Tï":83.64063,"Tð":107.9063,"Tñ":111.6563,"Tò":104.2344,"Tó":104.2344,"Tô":104.2344,"Tõ":104.2344,"Tö":104.2344,"Tø":104.2344,"UA":123.2813,"UÀ":123.2813,"UÁ":123.2813,"UÂ":123.2813,"UÃ":123.2813,"UÄ":123.2813,"UÅ":123.2813,"UÆ":145.5938,"V,":70.59375,"V-":87.20313,"V.":70.59375,"V:":81.34375,"V;":81.34375,"VA":114.25,"VC":113.6719,"VG":118.5,"VO":122.75,"VQ":123.4219,"Va":103.3125,"Vc":97.59375,"Vd":108.9844,"Ve":102.2813,"Vg":104.3906,"Vm":140.125,"Vn":112.7344,"Vo":106.5781,"Vp":112.5469,"Vq":108.2031,"Vr":98.28125,"Vs":98.4375,"Vu":109.7031,"Vv":106.9531,"Vw":133.9531,"Vx":103.7969,"Vy":106.9531,"Vz":100.4375,"V«":103.75,"V»":104.8281,"VÀ":114.25,"VÁ":114.25,"VÂ":114.25,"VÃ":114.25,"VÄ":114.25,"VÅ":114.25,"VÆ":134.7656,"VÇ":113.6719,"VÒ":122.75,"VÓ":122.75,"VÔ":122.75,"VÕ":122.75,"VÖ":122.75,"VØ":122.75,"Và":103.3125,"Vá":103.3125,"Vâ":103.3125,"Vã":103.3125,"Vä":103.3125,"Vå":103.3125,"Væ":129.7344,"Vç":97.59375,"Vè":102.2813,"Vé":102.2813,"Vê":102.2813,"Vë":102.2813,"Vì":84.70313,"Ví":84.70313,"Vî":85.8125,"Vï":84.70313,"Vð":109.6094,"Vñ":112.7344,"Vò":106.5781,"Vó":106.5781,"Vô":106.5781,"Võ":106.5781,"Vö":106.5781,"Vø":106.5781,"Vù":109.7031,"Vú":109.7031,"Vû":109.7031,"Vü":109.7031,"Vý":106.9531,"Vÿ":106.9531,"W,":102.875,"W-":119.9688,"W.":102.875,"WA":146.9688,"Wa":136.5625,"Wc":130.3594,"Wd":141.7344,"We":135.0469,"Wg":137.1563,"Wo":139.3438,"Wq":140.9531,"Ws":130.9531,"W«":134.5625,"WÀ":146.9688,"WÁ":146.9688,"WÂ":146.9688,"WÃ":146.9688,"WÄ":146.9688,"WÅ":146.9688,"WÆ":168.5938,"Wà":136.5625,"Wá":136.5625,"Wâ":136.5625,"Wã":136.5625,"Wä":136.5625,"Wå":136.5625,"Wæ":162.9844,"Wç":130.3594,"Wè":135.0469,"Wé":135.0469,"Wê":135.0469,"Wë":135.0469,"Wò":139.3438,"Wó":139.3438,"Wô":139.3438,"Wõ":139.3438,"Wö":139.3438,"Wø":139.3438,"X-":85.4375,"Xv":103.7344,"Xw":131.5156,"Xy":103.7344,"Xý":103.7344,"Xÿ":103.7344,"Y,":67.28125,"Y-":78.01563,"Y.":67.28125,"Y:":77.53125,"Y;":77.53125,"YA":109.0781,"YC":109.3125,"YG":114.1563,"YO":118.4063,"YQ":119.0625,"Ya":98.53125,"Yc":92.32813,"Yd":103.7031,"Ye":97.01563,"Yf":92.07813,"Yg":97.65625,"Ym":134.375,"Yn":106.9688,"Yo":101.3125,"Yp":107.2656,"Yq":102.9219,"Yr":92.51563,"Ys":92.1875,"Yt":90.07813,"Yu":106.3906,"Yv":101.6719,"Yw":128.6719,"Yx":99.01563,"Yy":101.6719,"Yz":95.64063,"Y«":94.57813,"Y»":97.98438,"YÀ":109.0781,"YÁ":109.0781,"YÂ":109.0781,"YÃ":109.0781,"YÄ":109.0781,"YÅ":109.0781,"YÆ":132.4219,"YÇ":109.3125,"YÒ":118.4063,"YÓ":118.4063,"YÔ":118.4063,"YÕ":118.4063,"YÖ":118.4063,"YØ":118.4063,"Yß":115.625,"Yà":98.53125,"Yá":98.53125,"Yâ":98.53125,"Yã":98.53125,"Yä":98.53125,"Yå":98.53125,"Yæ":124.9375,"Yç":92.32813,"Yè":97.01563,"Yé":97.01563,"Yê":97.01563,"Yë":97.01563,"Yì":78.95313,"Yí":78.95313,"Yî":80.04688,"Yï":78.95313,"Yð":105.6563,"Yñ":106.9688,"Yò":101.3125,"Yó":101.3125,"Yô":101.3125,"Yõ":101.3125,"Yö":101.3125,"Yø":101.3125,"Yù":106.3906,"Yú":106.3906,"Yû":106.3906,"Yü":106.3906,"Yý":101.6719,"Yÿ":101.6719,"Zv":101.3281,"Zw":128.8281,"Zy":101.3281,"Zý":101.3281,"Zÿ":101.3281,"__":76.04688,"_î":66.9375,"a\"":85.20313,"a'":69.57813,"b\"":91.10938,"b'":75.48438,"e\"":85.15625,"e'":69.53125,"f#":92.1875,"f$":80.85938,"f&":99.26563,"f(":68.45313,"f+":85.64063,"f,":50.78125,"f-":63.46875,"f.":50.78125,"f/":79.29688,"f0":85.64063,"f1":85.64063,"f2":85.64063,"f3":85.64063,"f4":85.64063,"f5":85.64063,"f6":85.64063,"f8":85.64063,"f9":85.64063,"f:":56.64063,"f;":56.64063,"f<":85.64063,"f=":85.64063,"f>":85.64063,"f@":118.7969,"fA":92.57813,"fB":91.40625,"fC":86.51563,"fD":96.42188,"fE":87.78125,"fF":83.92188,"fG":91.34375,"fH":98.92188,"fI":62.6875,"fJ":60.9375,"fK":94.26563,"fL":83.92188,"fM":111.8125,"fN":98.32813,"fO":95.59375,"fP":87.04688,"fQ":96.26563,"fR":93.26563,"fS":79.875,"fT":89.54688,"fU":95.0625,"fV":91.26563,"fW":123.2656,"fX":87.39063,"fY":88.26563,"fZ":84.03125,"f[":65.28125,"f_":68.26563,"f`":58.73438,"fa":77.92188,"fb":85,"fc":73.14063,"fd":84.51563,"fe":77.82813,"ff":67.26563,"fg":78.70313,"fh":85.4375,"fi":58.04688,"fj":56.875,"fk":84.26563,"fl":57.42188,"fm":113.4688,"fn":86.07813,"fo":82.125,"fp":85.875,"fq":83.73438,"fr":71.625,"fs":72.5,"ft":65.26563,"fu":85.48438,"fv":81.26563,"fw":108.2656,"fx":78.60938,"fy":81.26563,"fz":75.71875,"f{":68.98438,"f~":101.5,"f":80.26563,"f ":52.28125,"f¡":58.82813,"f¢":74.35938,"f£":83.09375,"f¤":84.65625,"f¥":91.20313,"f§":80.26563,"f¨":58.73438,"f©":115.3281,"f«":79.04688,"f¬":85.64063,"f®":115.3281,"f¯":58.73438,"f±":85.64063,"f´":58.73438,"fµ":85.26563,"f¶":89.0625,"f·":58.48438,"f¸":58.73438,"f»":79.04688,"f¿":72.5,"fÀ":92.57813,"fÁ":92.57813,"fÂ":92.57813,"fÃ":92.57813,"fÄ":92.57813,"fÅ":92.57813,"fÆ":116.8906,"fÇ":86.51563,"fÈ":87.78125,"fÉ":87.78125,"fÊ":87.78125,