{"font":"Palatino Linotype","size":"100","kern":{"!J":61.07813,"!b":83.09375,"!j":51.17188,"!¥":77.78125,"!î":56.875,"!ï":56.875,"\"J":70.40625,"\"b":92.42188,"\"j":60.48438,"\"¥":87.10938,"\"î":66.20313,"\"ï":66.20313,"#j":71.28125,"#î":77,"#ï":77,"$j":73.375,"$î":79.09375,"$ï":79.09375,"&j":101.1719,"&î":106.875,"&ï":106.875,"'J":54.09375,"'b":76.10938,"'j":44.1875,"'¥":70.79688,"'î":49.89063,"'ï":49.89063,"(b":88.60938,"(j":56.6875,"(¥":83.29688,"(î":62.39063,"(ï":62.39063,")J":66.59375,")b":88.60938,")j":56.6875,")¥":83.29688,")î":62.39063,")ï":62.39063,"*J":72.20313,"*b":94.23438,"*j":62.29688,"*¥":88.90625,"*î":68.01563,"*ï":68.01563,"+j":73.375,"+î":79.09375,"+ï":79.09375,",J":59.29688,",b":81.3125,",j":49.375,",¥":76,",î":55.09375,",ï":55.09375,"-J":66.59375,"-b":88.60938,"-j":56.6875,"-¥":83.29688,"-î":62.39063,"-ï":62.39063,".J":58.29688,".b":80.3125,".j":48.375,".¥":75,".î":54.09375,".ï":54.09375,"/,":58.03125,"//":66.03125,"/J":66.32813,"/_":84.03125,"/b":88.34375,"/j":56.40625,"/¥":83.03125,"/Æ":127.4063,"/Ì":66.71875,"/Ï":68.03125,"/ì":62.125,"/î":62.125,"/ï":62.125,"0j":73.375,"0î":79.09375,"0ï":79.09375,"1j":73.375,"1î":79.09375,"1ï":79.09375,"2j":73.375,"2î":79.09375,"2ï":79.09375,"3j":73.375,"3î":79.09375,"3ï":79.09375,"4j":73.375,"4î":79.09375,"4ï":79.09375,"5j":73.375,"5î":79.09375,"5ï":79.09375,"6j":73.375,"6î":79.09375,"6ï":79.09375,"7j":73.375,"7î":79.09375,"7ï":79.09375,"8j":73.375,"8î":79.09375,"8ï":79.09375,"9j":73.375,"9î":79.09375,"9ï":79.09375,":J":58.29688,":b":80.3125,":j":48.375,":¥":75,":î":54.09375,":ï":54.09375,";J":58.29688,";b":80.3125,";j":48.375,";¥":75,";î":54.09375,";ï":54.09375,"<j":73.375,"<î":79.09375,"<ï":79.09375,"=j":73.375,"=î":79.09375,"=ï":79.09375,">j":73.375,">î":79.09375,">ï":79.09375,"?j":67.76563,"?î":73.48438,"?ï":73.48438,"@j":91.6875,"@î":97.40625,"@ï":97.40625,"A)":104,"AT":131.6406,"AV":140.4688,"AW":170.3594,"AY":133.4844,"Aj":101.1719,"At":103.7031,"Au":131,"Av":127.9219,"Aî":106.875,"Aï":106.875,"Bj":84.46875,"Bî":90.17188,"Bï":90.17188,"Cj":94.28125,"Cî":100,"Cï":100,"Dj":100.7813,"Dî":106.4844,"Dï":106.4844,"Ej":84.46875,"Eî":90.17188,"Eï":90.17188,"FA":127.2813,"Fj":79,"Fê":96.42188,"Fî":84.70313,"Fï":84.70313,"Fô":103.125,"Gj":99.70313,"Gî":105.4063,"Gï":105.4063,"IJ":66.98438,"Ib":89,"Ij":57.07813,"I¥":83.6875,"Iî":62.78125,"Iï":62.78125,"JJ":68.59375,"Jb":90.60938,"Jj":58.6875,"J¥":85.29688,"Jî":64.39063,"Jï":64.39063,"Kj":95.98438,"Kî":101.7031,"Kï":101.7031,"L)":87,"LT":117.4688,"LV":124.2656,"LW":153.6563,"LY":118.6875,"Lj":84.46875,"Lv":113.9063,"Lî":90.17188,"Lï":90.17188,"Oj":102,"Oî":107.7031,"Oï":107.7031,"PA":131.5313,"Pa":107.2188,"Pe":105.125,"Pj":83.78125,"Pl":86.32813,"Pê":95.59375,"Pî":89.5,"Pï":89.5,"Pô":102.2813,"Qj":102,"Qî":107.7031,"Qï":107.7031,"RV":135.0938,"Rj":90.17188,"Rî":95.89063,"Rï":95.89063,"Sj":75.875,"Sî":81.57813,"Sï":81.57813,"T,":82.60938,"T.":82.60938,"TA":132.6563,"Ta":103.2188,"Tc":98.57813,"Td":115.2813,"Te":102.0938,"Tj":84.65625,"Tk":113.7188,"Tl":83.29688,"Tp":114.2969,"Tq":111.1875,"Ts":96.57813,"Tt":87.82813,"Tu":115.125,"Tv":111.3281,"Tw":138.2188,"Tê":101.75,"Tî":90.375,"Tï":90.375,"Tô":108.4375,"Uj":101.1719,"Uî":106.875,"Uï":106.875,"V,":91.6875,"V.":91.6875,"VA":140.4688,"Va":114.1563,"Ve":113.0313,"Vj":95.59375,"Vl":94.23438,"Vp":125.0938,"Vs":108,"Vv":122.1094,"Vê":107.3125,"Vî":101.3125,"Vï":101.3125,"Vô":114,"WA":167.7656,"Wa":142.9063,"Wd":154.4844,"We":141.2969,"Wl":122.5,"Wp":152.7813,"Wê":138.8125,"Wô":145.5,"Xj":90.07813,"Xî":95.79688,"Xï":95.79688,"Y,":86.8125,"Y.":86.8125,"YA":135.3906,"Ya":107.6094,"Yd":118.6875,"Ye":106.3906,"Yj":90.07813,"Yl":87.59375,"Ym":146.375,"Yo":113.0781,"Yp":118.2031,"Yq":115.6406,"Ys":100.6719,"Yt":91.29688,"Yê":105.0781,"Yî":95.79688,"Yï":95.79688,"Yô":112.7344,"Zj":90.07813,"Zî":95.79688,"Zï":95.79688,"[b":88.60938,"[j":56.6875,"[¥":83.29688,"[î":62.39063,"[ï":62.39063,"\\j":83.98438,"\\î":89.6875,"\\ï":89.6875,"]J":66.59375,"]b":88.60938,"]j":56.6875,"]¥":83.29688,"]î":62.39063,"]ï":62.39063,"^j":73.375,"^î":79.09375,"^ï":79.09375,"_J":84.29688,"_b":106.3125,"_j":74.375,"_¥":101,"_î":80.09375,"_ï":80.09375,"`J":66.59375,"`b":88.60938,"`j":56.6875,"`¥":83.29688,"`î":62.39063,"`ï":62.39063,"aj":73.375,"aî":79.09375,"aï":79.09375,"bj":80.70313,"bî":86.42188,"bï":86.42188,"cj":67.76563,"cî":73.48438,"cï":73.48438,"dj":84.46875,"dî":90.17188,"dï":90.17188,"ej":71.28125,"eî":77,"eï":77,"f,":58.29688,"f/":66.29688,"fJ":66.59375,"f_":84.29688,"fb":89.34375,"ff":66,"fi":60.48438,"fj":57.26563,"fk":87.78125,"fl":60.78125,"f¥":83.29688,"fÆ":127.6719,"fÌ":66.98438,"fÏ":68.29688,"fì":62.39063,"fî":62.39063,"fï":62.39063,"gj":79,"gî":84.70313,"gï":84.70313,"hj":81.57813,"hî":87.29688,"hï":87.29688,"iJ":62.39063,"ib":84.42188,"ij":52.48438,"i¥":79.09375,"iî":58.20313,"iï":58.20313,"jJ":60.6875,"jb":82.70313,"jj":50.76563,"j¥":77.375,"jî":56.48438,"jï":56.48438,"kj":79,"kî":84.70313,"kï":84.70313,"lJ":62.39063,"lb":84.42188,"lj":52.48438,"l¥":79.09375,"lî":58.20313,"lï":58.20313,"nj":81.57813,"nî":87.29688,"nï":87.29688,"oj":77.96875,"oî":83.6875,"oï":83.6875,"pj":83.48438,"pî":89.20313,"pï":89.20313,"qJ":89.29688,"qb":111.3281,"qj":79.39063,"q¥":106,"qî":85.09375,"qï":85.09375,"rJ":72.79688,"rb":94.8125,"rj":62.89063,"r¥":89.5,"rê":81.53125,"rî":68.59375,"rï":68.59375,"rô":90.17188,"sj":65.76563,"sî":71.48438,"sï":71.48438,"tJ":65.90625,"tb":87.9375,"tj":56,"tt":62.15625,"tz":76.3125,"t¥":82.60938,"tî":61.71875,"tï":61.71875,"uj":83.6875,"uî":89.39063,"uï":89.39063,"vj":79.875,"vê":93.40625,"vî":85.59375,"vï":85.59375,"vô":100.0938,"wê":122.2031,"wô":128.9063,"xj":75,"xî":80.70313,"xï":80.70313,"yj":79,"yê":92.51563,"yî":84.70313,"yï":84.70313,"yô":99.21875,"zj":73.375,"zî":79.09375,"zï":79.09375,"{J":66.59375,"{b":88.60938,"{j":56.6875,"{¥":83.29688,"{î":62.39063,"{ï":62.39063,"|j":73.375,"|î":79.09375,"|ï":79.09375,"}J":66.59375,"}b":88.60938,"}j":56.6875,"}¥":83.29688,"}î":62.39063,"}ï":62.39063,"~j":73.375,"~î":79.09375,"~ï":79.09375," A":99.15625," J":58.29688," b":80.3125," j":48.375," ¥":75," î":54.09375," ï":54.09375,"¡J":61.07813,"¡b":83.09375,"¡j":51.17188,"¡¥":77.78125,"¡î":56.875,"¡ï":56.875,"¢j":73.375,"¢î":79.09375,"¢ï":79.09375,"£j":73.375,"£î":79.09375,"£ï":79.09375,"¤j":73.375,"¤î":79.09375,"¤ï":79.09375,"¥j":75.375,"¥î":81.09375,"¥ï":81.09375,"¦j":73.375,"¦î":79.09375,"¦ï":79.09375,"§j":73.375,"§î":79.09375,"§ï":79.09375,"¨J":66.59375,"¨b":88.60938,"¨j":56.6875,"¨¥":83.29688,"¨î":62.39063,"¨ï":62.39063,"©j":98.09375,"©î":103.7969,"©ï":103.7969,"ªJ":66.59375,"ªb":88.60938,"ªj":56.6875,"ª¥":83.29688,"ªî":62.39063,"ªï":62.39063,"«j":73.375,"«î":79.09375,"«ï":79.09375,"¬j":73.375,"¬î":79.09375,"¬ï":79.09375,"®j":98.09375,"®î":103.7969,"®ï":103.7969,"¯J":66.59375,"¯b":88.60938,"¯j":56.6875,"¯¥":83.29688,"¯î":62.39063,"¯ï":62.39063,"°J":73.28125,"°j":63.375,"°¥":89.98438,"°î":69.07813,"°ï":69.07813,"±j":73.375,"±î":79.09375,"±ï":79.09375,"²J":65.28125,"²b":87.29688,"²j":55.35938,"²¥":81.96875,"²î":61.07813,"²ï":61.07813,"³J":65.28125,"³b":87.29688,"³j":55.35938,"³¥":81.96875,"³î":61.07813,"³ï":61.07813,"´J":66.59375,"´b":88.60938,"´j":56.6875,"´¥":83.29688,"´î":62.39063,"´ï":62.39063,"µj":88.07813,"µî":93.79688,"µï":93.79688,"¶j":86.17188,"¶î":91.89063,"¶ï":91.89063,"·J":58.29688,"·b":80.3125,"·j":48.375,"·¥":75,"·î":54.09375,"·ï":54.09375,"¸J":66.59375,"¸b":88.60938,"¸j":56.6875,"¸¥":83.29688,"¸î":62.39063,"¸ï":62.39063,"¹J":65.28125,"¹b":87.29688,"¹j":55.35938,"¹¥":81.96875,"¹î":61.07813,"¹ï":61.07813,"ºJ":66.59375,"ºb":88.60938,"ºj":56.6875,"º¥":83.29688,"ºî":62.39063,"ºï":62.39063,"»j":73.375,"»î":79.09375,"»ï":79.09375,"¿j":67.76563,"¿î":73.48438,"¿ï":73.48438,"Àj":101.1719,"Àî":106.875,"Àï":106.875,"Áj":101.1719,"Áî":106.875,"Áï":106.875,"Âj":101.1719,"Âî":106.875,"Âï":106.875,"Ãj":101.1719,"Ãî":106.875,"Ãï":106.875,"Äj":101.1719,"Äî":106.875,"Äï":106.875,"Åj":101.1719,"Åî":106.875,"Åï":106.875,"Çj":94.28125,"Çî":100,"Çï":100,"Èj":84.46875,"Èî":90.17188,"Èï":90.17188,"Éj":84.46875,