{"font":"Times New Roman","size":"100","kern":{"11":96.28125,"!N":105.5156,"!_":85.29688,"!j":61.07813,"!¯":85.29688,"!Æ":122.2031,"!Ñ":105.5156,"\"j":68.59375,"#j":77.78125,"$j":77.78125,"%j":111.0781,"&j":105.5625,"'/":47.01563,"'N":90.23438,"'\\":47.01563,"'_":70.01563,"'b":68.01563,"'j":45.79688,"'p":68.01563,"'u":69.01563,"'¥":69.01563,"'ª":46.01563,"'¯":70.01563,"'¶":64.01563,"'Æ":106.9219,"'Ñ":90.23438,"'ï":46.01563,"'ù":69.01563,"'ú":69.01563,"'û":69.01563,"'ü":69.01563,"'þ":68.01563,"(N":105.5156,"(_":85.29688,"(j":61.07813,"(¯":85.29688,"(Æ":122.2031,"(Ñ":105.5156,")N":105.5156,")_":85.29688,")j":61.07813,")¯":85.29688,")Æ":122.2031,")Ñ":105.5156,"*j":77.78125,"+j":84.17188,",N":97.20313,",_":77,",j":52.78125,",¯":77,",Æ":113.9063,",Ñ":97.20313,"-N":105.5156,"-_":85.29688,"-j":61.07813,"-¯":85.29688,"-Æ":122.2031,"-Ñ":105.5156,".N":97.20313,"._":77,".j":52.78125,".¯":77,".Æ":113.9063,".Ñ":97.20313,"//":57.78125,"/N":101,"/\\":57.78125,"/_":80.78125,"/b":78.78125,"/j":56.5625,"/p":78.78125,"/u":79.78125,"/¥":79.78125,"/ª":56.78125,"/¯":80.78125,"/¶":74.78125,"/Æ":117.6875,"/Ñ":101,"/ï":56.78125,"/ù":79.78125,"/ú":79.78125,"/û":79.78125,"/ü":79.78125,"/þ":78.78125,"0j":77.78125,"1j":77.78125,"2j":77.78125,"3j":77.78125,"4j":77.78125,"5j":77.78125,"6j":77.78125,"7j":77.78125,"8j":77.78125,"9j":77.78125,":N":100,":_":79.78125,":j":55.5625,":¯":79.78125,":Æ":116.6875,":Ñ":100,";N":100,";_":79.78125,";j":55.5625,";¯":79.78125,";Æ":116.6875,";Ñ":100,"<j":84.17188,"=j":84.17188,">j":84.17188,"?j":72.15625,"@j":119.8594,"AT":122.2031,"AV":131.5313,"AW":158.5938,"AY":135.25,"Aj":100,"Av":114.7813,"Aw":135.25,"Ay":113.0313,"A ":91.6875,"Bj":94.46875,"Cj":94.46875,"Dj":100,"Ej":88.85938,"F,":72.59375,"F.":72.59375,"FA":120.4063,"Fj":83.39063,"Gj":100,"Hj":100,"IN":105.5156,"I_":85.29688,"Ij":61.07813,"I¯":85.29688,"IÆ":122.2031,"IÑ":105.5156,"JN":111.125,"J_":90.90625,"Jj":66.6875,"J¯":90.90625,"JÆ":127.8281,"JÑ":111.125,"KN":144.4219,"K_":124.2031,"Kj":100,"K¯":124.2031,"KÆ":161.125,"KÑ":144.4219,"LT":112.9844,"LV":124.1094,"LW":148.0469,"LY":123.2813,"Lj":88.85938,"Ly":105.5625,"L ":82.35938,"Mj":116.6875,"Nj":102,"Oj":100,"P,":69.53125,"P.":69.53125,"PA":118.6406,"Pj":83.39063,"P ":76.89063,"Qj":100,"RT":121.7656,"RV":130.9063,"RW":155.5625,"RY":133.3906,"Rj":94.46875,"Ry":112.6875,"Sj":83.39063,"T,":78.65625,"T-":85.20313,"T.":78.65625,"T:":83.875,"T;":83.34375,"TA":125.2813,"Ta":99.09375,"Tc":98.48438,"Te":98.48438,"Ti":85.34375,"Tj":88.85938,"To":104.0938,"Tr":92.5625,"Ts":93.01563,"Tu":108.5625,"Tw":126.3125,"Ty":104.0938,"Uj":100,"V,":84.3125,"V-":96.32813,"V.":84.3125,"V:":92.57813,"V;":92.57813,"VA":131.5313,"Va":106.125,"Ve":105.5156,"Vi":93.98438,"Vj":100,"Vo":109.3125,"Vr":101.2031,"Vu":117.2031,"Vy":111.125,"W,":110.2031,"W-":122.1563,"W.":110.2031,"WA":155.5156,"Wa":131.375,"We":130.75,"Wj":122.1563,"Wo":136.375,"Wu":141.375,"Wy":138.375,"Xj":100,"Y,":84.3125,"Y-":94.42188,"Y.":84.3125,"Y:":90.8125,"Y;":90.8125,"YA":133.3438,"Ya":107.2031,"Ye":106.5781,"Yi":94.46875,"Yj":100,"Yo":112.2031,"Yp":113.0313,"Yq":112.125,"Yu":112.125,"Yv":112.2031,"Y ":93.5,"Zj":88.85938,"[N":105.5156,"[_":85.29688,"[j":61.07813,"[¯":85.29688,"[Æ":122.2031,"[Ñ":105.5156,"\\/":57.78125,"\\N":101,"\\\\":57.78125,"\\_":80.78125,"\\b":78.78125,"\\j":56.5625,"\\p":78.78125,"\\u":79.78125,"\\¥":79.78125,"\\ª":56.78125,"\\¯":80.78125,"\\¶":74.78125,"\\Æ":117.6875,"\\Ñ":101,"\\ï":56.78125,"\\ù":79.78125,"\\ú":79.78125,"\\û":79.78125,"\\ü":79.78125,"\\þ":78.78125,"]N":105.5156,"]_":85.29688,"]j":61.07813,"]¯":85.29688,"]Æ":122.2031,"]Ñ":105.5156,"^j":74.70313,"_/":81,"_N":124.2031,"_\\":81,"__":104,"_b":102,"_j":79.78125,"_p":102,"_u":103,"_¥":103,"_ª":80,"_¯":104,"_¶":98,"_Æ":140.9063,"_Ñ":124.2031,"_ï":80,"_ù":103,"_ú":103,"_û":103,"_ü":103,"_þ":102,"`N":105.5156,"`_":85.29688,"`j":61.07813,"`¯":85.29688,"`Æ":122.2031,"`Ñ":105.5156,"aN":116.5938,"a_":96.375,"aj":72.15625,"a¯":96.375,"aÆ":133.2969,"aÑ":116.5938,"bj":78.78125,"cj":72.15625,"dN":122.2031,"d_":102,"dj":77.78125,"d¯":102,"dÆ":138.9063,"dÑ":122.2031,"ej":72.15625,"f!":66.59375,"f\"":74.10938,"f#":83.29688,"f$":83.29688,"f%":116.5938,"f&":111.0781,"f'":51.3125,"f(":66.59375,"f)":66.59375,"f*":83.29688,"f+":89.6875,"f,":58.29688,"f-":66.59375,"f.":58.29688,"f/":62.29688,"f0":83.29688,"f1":83.29688,"f2":83.29688,"f3":83.29688,"f4":83.29688,"f5":83.29688,"f6":83.29688,"f7":83.29688,"f8":83.29688,"f9":83.29688,"f:":61.07813,"f;":61.07813,"f<":89.6875,"f=":89.6875,"f>":89.6875,"f?":77.67188,"f@":125.3906,"fA":105.5156,"fB":100,"fC":100,"fD":105.5156,"fE":94.375,"fF":88.90625,"fG":105.5156,"fH":105.5156,"fI":66.59375,"fJ":72.29688,"fK":107.2969,"fL":94.375,"fM":122.2031,"fN":105.5156,"fO":105.5156,"fP":88.90625,"fQ":105.5156,"fR":101.2969,"fS":88.90625,"fT":94.375,"fU":105.5156,"fV":105.5156,"fW":127.6719,"fX":105.5156,"fY":105.5156,"fZ":94.375,"f[":66.59375,"f\\":62.29688,"f]":66.59375,"f^":80.21875,"f_":85.29688,"f`":66.59375,"fa":78.29688,"fb":83.29688,"fc":77.67188,"fd":84.29688,"fe":77.67188,"ff":75.48438,"fg":83.29688,"fh":83.29688,"fi":61.07813,"fj":61.07813,"fk":84.29688,"fl":61.07813,"fm":111.2969,"fn":83.29688,"fo":83.29688,"fp":83.29688,"fq":84.29688,"fr":68.29688,"fs":72.20313,"ft":62.29688,"fu":84.29688,"fv":83.29688,"fw":105.5156,"fx":83.29688,"fy":83.29688,"fz":77.67188,"f{":81.29688,"f|":53.3125,"f}":81.29688,"f~":87.39063,"f":83.29688,"f ":58.29688,"f¡":66.59375,"f¢":83.29688,"f£":83.29688,"f¤":83.29688,"f¥":84.29688,"f¦":53.3125,"f§":83.29688,"f¨":66.59375,"f©":109.2656,"fª":61.29688,"f«":83.29688,"f¬":89.6875,"f®":109.2656,"f¯":85.29688,"f°":73.28125,"f±":88.17188,"f²":63.28125,"f³":63.28125,"f´":66.59375,"fµ":90.90625,"f¶":79.29688,"f·":66.59375,"f¸":66.59375,"f¹":63.28125,"fº":64.29688,"f»":83.29688,"f¼":108.2969,"f½":108.2969,"f¾":108.2969,"f¿":77.67188,"fÀ":105.5156,"fÁ":105.5156,"fÂ":105.5156,"fÃ":105.5156,"fÄ":105.5156,"fÅ":105.5156,"fÆ":122.2031,"fÇ":100,"fÈ":94.375,"fÉ":94.375,"fÊ":94.375,"fË":94.375,"fÌ":66.59375,"fÍ":66.59375,"fÎ":66.59375,"fÏ":66.59375,"fÐ":105.5156,"fÑ":105.5156,"fÒ":105.5156,"fÓ":105.5156,"fÔ":105.5156,"fÕ":105.5156,"fÖ":105.5156,"f×":89.6875,"fØ":105.5156,"fÙ":105.5156,"fÚ":105.5156,"fÛ":105.5156,"fÜ":105.5156,"fÝ":105.5156,"fÞ":88.90625,"fß":83.29688,"fà":78.29688,"fá":78.29688,"fâ":78.29688,"fã":78.29688,"fä":78.29688,"få":78.29688,"fæ":100,"fç":77.67188,"fè":77.67188,"fé":77.67188,"fê":77.67188,"fë":77.67188,"fì":61.07813,"fí":61.07813,"fî":62.29688,"fï":61.29688,"fð":83.29688,"fñ":83.29688,"fò":83.29688,"fó":83.29688,"fô":83.29688,"fõ":83.29688,"fö":83.29688,"f÷":88.29688,"fø":83.29688,"fù":84.29688,"fú":84.29688,"fû":84.29688,"fü":84.29688,"fý":83.29688,"fþ":83.29688,"fÿ":83.29688,"gj":77.78125,"hj":77.78125,"iN":100,"i_":79.78125,"ij":55.5625,"i¯":79.78125,"iÆ":116.6875,"iÑ":100,"jN":108,"j_":87.78125,"jj":63.5625,"j¯":87.78125,"jÆ":124.6875,"jÑ":108,"kN":122.2031,"k_":102,"kj":77.78125,"k¯":102,"kÆ":138.9063,"kÑ":122.2031,"lN":100,"l_":79.78125,"lj":55.5625,"l¯":79.78125,"lÆ":116.6875,"lÑ":100,"mj":105.5625,"nj":77.78125,"oj":77.78125,"pj":78.78125,"qN":122.2031,"q_":102,"qj":77.78125,"q¯":102,"qÆ":138.9063,"qÑ":122.2031,"r,":54.29688,"r-":64.59375,"r.":52.78125,"r/":62.29688,"rN":105.5156,"r\\":62.29688,"r_":85.29688,"rb":83.29688,"rg":81.48438,"rj":61.07813,"rp":83.29688,"ru":84.29688,"r¥":84.29688,"rª":61.29688,"r¯":85.29688,"r¶":79.29688,"rÆ":122.2031,"rÑ":105.5156,"rï":61.29688,"rù":84.29688,"rú":84.29688,"rû":84.29688,"rü":84.29688,"rþ":83.29688,"sN":111.125,"s_":90.90625,"sj":66.6875,"s¯":90.90625,"sÆ":127.8281,"sÑ":111.125,"t/":56.78125,"tN":100,"t\\":56.78125,"t_":79.78125,"tb":77.78125,"tj":55.5625,"tp":77.78125,"tu":78.78125,"t¥":78.78125,"tª":55.78125,"t¯":79.78125,"t¶":73.78125,"tÆ":116.6875,"tÑ":100,"tï":55.78125,"tù":78.78125,"tú":78.78125,"tû":78.78125,"tü":78.78125,"tþ":77.78125,"uN":123.2031,"u_":103,"uj":78.78125,"u¯":103,"uÆ":139.9063,"uÑ":123.2031,"v,":68.5,"v.":68.5,"vj":77.78125,"w,":90.71875,"w.":90.71875,"wj":100,"xj":77.78125,