{"font":"Verdana","size":"100","kern":{"!/":84.76563,"!j":73.76563,"\"j":80.3125,"$j":97.98438,"&!":112,"&\"":118.5469,"&#":154.4844,"&$":136.2188,"&%":180.2656,"&&":149.6563,"&'":99.5,"&(":118.0625,"&)":118.0625,"&*":136.2188,"&+":154.4844,"&,":109.0313,"&-":118.0625,"&.":109.0313,"&/":118.0625,"&0":136.2188,"&1":136.2188,"&2":136.2188,"&3":136.2188,"&4":136.2188,"&5":136.2188,"&6":136.2188,"&7":136.2188,"&8":136.2188,"&9":136.2188,"&:":118.0625,"&;":118.0625,"&<":154.4844,"&=":154.4844,"&>":154.4844,"&?":127.1875,"&@":172.6563,"&A":141.0156,"&B":141.2031,"&C":142.4688,"&D":149.7031,"&E":135.875,"&F":130.125,"&G":150.1875,"&H":147.7969,"&I":114.7344,"&J":118.1094,"&K":141.9375,"&L":129.6563,"&M":156.9219,"&N":147.4531,"&O":151.3594,"&P":132.9531,"&Q":151.3594,"&R":143.6563,"&S":141.0156,"&T":134.6563,"&U":145.8438,"&V":141.0156,"&W":171.5313,"&X":141.1563,"&Y":134.6563,"&Z":141.1563,"&[":118.0625,"&\\":120.6563,"&]":118.0625,"&^":154.4844,"&_":137.6563,"&`":136.2188,"&a":132.7031,"&b":134.9531,"&c":124.75,"&d":134.9531,"&e":132.2188,"&f":111.6563,"&g":134.9531,"&h":135.9375,"&i":100.0938,"&j":107.0781,"&k":131.8281,"&l":100.0938,"&m":169.9219,"&n":135.9375,"&o":133.3438,"&p":134.9531,"&q":134.9531,"&r":116.6563,"&s":124.75,"&t":112.0469,"&u":135.9375,"&v":131.8281,"&w":154.4844,"&x":131.8281,"&y":131.8281,"&z":125.1875,"&{":136.125,"&|":118.0625,"&}":136.125,"&~":154.4844,"&":122.6563,"& ":107.8125,"&¡":112,"&¢":136.2188,"&£":136.2188,"&¤":136.2188,"&¥":136.2188,"&¦":118.0625,"&§":136.2188,"&¨":136.2188,"&©":172.6563,"&ª":127.1875,"&«":137.1094,"&¬":154.4844,"&®":172.6563,"&¯":137.6563,"&°":126.8438,"&±":154.4844,"&²":126.8438,"&³":126.8438,"&´":136.2188,"&µ":136.8125,"&¶":136.2188,"&·":109.0313,"&¸":136.2188,"&¹":126.8438,"&º":127.1875,"&»":137.1094,"&¼":172.6563,"&½":172.6563,"&¾":172.6563,"&¿":127.1875,"&À":141.0156,"&Á":141.0156,"&Â":141.0156,"&Ã":141.0156,"&Ä":141.0156,"&Å":141.0156,"&Æ":171.0938,"&Ç":142.4688,"&È":135.875,"&É":135.875,"&Ê":135.875,"&Ë":135.875,"&Ì":114.7344,"&Í":114.7344,"&Î":114.7344,"&Ï":114.7344,"&Ð":150.1875,"&Ñ":147.4531,"&Ò":151.3594,"&Ó":151.3594,"&Ô":151.3594,"&Õ":151.3594,"&Ö":151.3594,"&×":154.4844,"&Ø":151.3594,"&Ù":145.8438,"&Ú":145.8438,"&Û":145.8438,"&Ü":145.8438,"&Ý":134.6563,"&Þ":133.2031,"&ß":134.6563,"&à":132.7031,"&á":132.7031,"&â":132.7031,"&ã":132.7031,"&ä":132.7031,"&å":132.7031,"&æ":168.1563,"&ç":124.75,"&è":132.2188,"&é":132.2188,"&ê":132.2188,"&ë":132.2188,"&ì":100.0938,"&í":100.6563,"&î":101.6563,"&ï":100.6563,"&ð":133.8281,"&ñ":135.9375,"&ò":133.3438,"&ó":133.3438,"&ô":133.3438,"&õ":133.3438,"&ö":133.3438,"&÷":154.4844,"&ø":133.3438,"&ù":135.9375,"&ú":135.9375,"&û":135.9375,"&ü":135.9375,"&ý":131.8281,"&þ":134.9531,"&ÿ":131.8281,"'/":72.26563,"'A":90.32813,"'j":61.26563,"'Æ":120.4063,"(j":79.82813,")j":79.82813,"*j":97.98438,",/":81.78125,",j":70.79688,"-A":111.3281,"-J":85.98438,"-T":100.0781,"-V":111.3281,"-W":141.8438,"-X":110,"-Y":100.5625,"-j":79.82813,"-x":102.1406,"-Æ":141.4063,".,":66.40625,".-":73.96875,"./":81.78125,".j":70.79688,"/j":81.82813,"0j":97.98438,"1j":97.98438,"2j":97.98438,"3j":97.98438,"4j":97.98438,"5j":97.98438,"6j":97.98438,"7j":97.98438,"8j":97.98438,"9j":97.98438,":j":79.82813,";j":79.82813,"?j":88.95313,"AT":124.5,"AY":126.4531,"Aj":102.7813,"BT":127.625,"Bj":102.9688,"Cj":104.2344,"Dj":111.4688,"Ej":97.65625,"F,":79.1875,"F.":79.1875,"F:":99.9375,"F;":99.9375,"FA":120.9375,"Fa":112.6406,"Fj":91.89063,"FÆ":150.5313,"Fæ":148.0938,"Gj":111.9531,"Hj":109.5625,"Ij":76.5,"Jj":79.875,"K-":109.3125,"Kj":103.7031,"Kv":124.5469,"Ky":124.5469,"L'":76.65625,"L-":93.25,"L/":101.0625,"LT":109.3594,"LV":118.6406,"LW":149.6563,"LY":109.8438,"Lj":90.07813,"Lv":109.4688,"Ly":109.4688,"Nj":109.2188,"Oj":113.125,"P,":82.03125,"P.":82.03125,"Pj":94.71875,"PÆ":155.3125,"Qj":113.125,"R-":110.0469,"RT":128.5938,"Re":126.6563,"Rj":103.9531,"Ro":127.7813,"Ry":126.0156,"Ræ":162.5938,"Rø":127.7813,"Sj":102.7813,"T,":84.82813,"T-":100.7031,"T.":84.82813,"T:":98.26563,"T;":98.26563,"TA":125.1094,"TT":121.2031,"Ta":110.9531,"Tc":103.9688,"Te":111.4375,"Tg":114.6719,"Tj":97.03125,"To":112.5625,"Tr":96.84375,"Ts":105.9219,"Tu":116.125,"Tv":112.0313,"Tw":134.6875,"Ty":112.0313,"Tz":106.8594,"TÆ":154.7031,"Tæ":146.4063,"Tø":112.5625,"Uj":107.6094,"V,":90.5625,"V.":90.5625,"V:":109.8594,"V;":109.8594,"Va":123.5313,"Ve":123.0469,"Vj":102.7813,"Vo":124.1563,"VÆ":163.375,"Væ":158.9844,"Vø":124.1563,"W,":121.0938,"W.":124.5,"X-":110,"Xj":102.9219,"Xy":123.7656,"Y,":83.73438,"Y-":100.0938,"Y.":83.73438,"Y:":97.15625,"Y;":97.15625,"YA":125.9688,"Ya":114.7344,"Yd":117.9688,"Ye":114.7344,"Yg":117.4688,"Yj":95.9375,"Ym":153.9063,"Yn":119.9219,"Yo":115.8594,"Yp":118.9375,"Yq":117.4688,"Yr":100.6406,"Ys":108.25,"Yu":119.4219,"Yv":115.8125,"YÆ":156.0469,"Yæ":150.1875,"Yø":115.8594,"Zj":102.9219,"[j":79.82813,"\\!":84.76563,"\\\"":91.29688,"\\#":127.2344,"\\$":108.9844,"\\%":153.0156,"\\&":122.4063,"\\'":72.26563,"\\(":90.8125,"\\)":90.8125,"\\*":108.9844,"\\+":127.2344,"\\,":81.78125,"\\-":90.8125,"\\.":81.78125,"\\/":90.8125,"\\0":108.9844,"\\1":108.9844,"\\2":108.9844,"\\3":108.9844,"\\4":108.9844,"\\5":108.9844,"\\6":108.9844,"\\7":108.9844,"\\8":108.9844,"\\9":108.9844,"\\:":90.8125,"\\;":90.8125,"\\<":127.2344,"\\=":127.2344,"\\>":127.2344,"\\?":99.9375,"\\@":145.4063,"\\A":113.7656,"\\B":113.9531,"\\C":115.2344,"\\D":122.4531,"\\E":108.6406,"\\F":102.875,"\\G":122.9375,"\\H":120.5469,"\\I":87.5,"\\J":90.85938,"\\K":114.6875,"\\L":102.4063,"\\M":129.6875,"\\N":120.2031,"\\O":124.1094,"\\P":105.7031,"\\Q":124.1094,"\\R":116.4063,"\\S":113.7656,"\\T":107.4063,"\\U":118.5938,"\\V":113.7656,"\\W":144.2813,"\\X":113.9063,"\\Y":107.4063,"\\Z":113.9063,"\\[":90.8125,"\\\\":93.40625,"\\]":90.8125,"\\^":127.2344,"\\_":110.4063,"\\`":108.9844,"\\a":105.4688,"\\b":107.7031,"\\c":97.5,"\\d":107.7031,"\\e":104.9688,"\\f":84.40625,"\\g":107.7031,"\\h":108.6875,"\\i":72.84375,"\\j":79.82813,"\\k":104.5781,"\\l":72.84375,"\\m":142.6719,"\\n":108.6875,"\\o":106.0938,"\\p":107.7031,"\\q":107.7031,"\\r":89.40625,"\\s":97.5,"\\t":84.8125,"\\u":108.6875,"\\v":104.5781,"\\w":127.2344,"\\x":104.5781,"\\y":104.5781,"\\z":97.9375,"\\{":108.875,"\\|":90.8125,"\\}":108.875,"\\~":127.2344,"\\":95.40625,"\\ ":80.5625,"\\¡":84.76563,"\\¢":108.9844,"\\£":108.9844,"\\¤":108.9844,"\\¥":108.9844,"\\¦":90.8125,"\\§":108.9844,"\\¨":108.9844,"\\©":145.4063,"\\ª":99.9375,"\\«":109.8594,"\\¬":127.2344,"\\®":145.4063,"\\¯":110.4063,"\\°":99.60938,"\\±":127.2344,"\\²":99.60938,"\\³":99.60938,"\\´":108.9844,"\\µ":109.5625,"\\¶":108.9844,"\\·":81.78125,"\\¸":108.9844,"\\¹":99.60938,"\\º":99.9375,"\\»":109.8594,"\\¼":145.4063,"\\½":145.4063,"\\¾":145.4063,"\\¿":99.9375,"\\À":113.7656,"\\Á":113.7656,"\\Â":113.7656,"\\Ã":113.7656,"\\Ä":113.7656,"\\Å":113.7656,"\\Æ":143.8438,"\\Ç":115.2344,"\\È":108.6406,"\\É":108.6406,"\\Ê":108.6406,"\\Ë":108.6406,"\\Ì":87.5,"\\Í":87.5,"\\Î":87.5,"\\Ï":87.5,"\\Ð":122.9375,"\\Ñ":120.2031,"\\Ò":124.1094,"\\Ó":124.1094,"\\Ô":124.1094,"\\Õ":124.1094,"\\Ö":124.1094,"\\×":127.2344,"\\Ø":124.1094,"\\Ù":118.5938,"\\Ú":118.5938,"\\Û":118.5938,"\\Ü":118.5938,"\\Ý":107.4063,"\\Þ":105.9531,"\\ß":107.4219,"\\à":105.4688,"\\á":105.4688,"\\â":105.4688,"\\ã":105.4688,"\\ä":105.4688,"\\å":105.4688,"\\æ":140.9063,"\\ç":97.5,"\\è":104.9688,"\\é":104.9688,"\\ê":104.9688,"\\ë":104.9688,"\\ì":72.84375,"\\í":73.40625,"\\î":74.40625,"\\ï":73.40625,"\\ð":106.5781,"\\ñ":108.6875,"\\ò":106.0938,"\\ó":106.0938,"\\ô":106.0938,"\\õ":106.0938,"\\ö":106.0938,"\\÷":127.2344,"\\ø":106.0938,"\\ù":108.6875,"\\ú":108.6875,"\\û":108.6875,"\\ü":108.6875,"\\ý":104.5781,"\\þ":107.7031,"\\ÿ":104.5781,"]j":79.82813,"_/":109.9844,"_j":98.98438,"`j":97.98438,"aj":94.46875,"bj":96.71875,"cT":111.1563,"cj":86.51563,"dj":96.71875,"eT":114.7344,"ej":93.98438,"f!":74.5,"f#":116.9844,"f$":98.71875,"f%":142.7656,"f&":112.1563,"f(":80.5625,"f+":116.9844,"f,":65.17188,"f-":78.125,"f.":65.67188,"f/":80.5625,"f0":98.71875,"f1":98.71875,"f2":98.71875,"f3":98.71875,